id,nombre,apellido,fecha_nacimiento,email,telefono
1,Laura,Jiménez,1998-03-11,laura.jimenez@gmail.com,611123456
2,Marcos,Domínguez,1999-10-02,marcos.dominguez@gmail.com,611234567
3,Natalia,Vargas,2000-05-20,natalia.vargas@gmail.com,611345678
4,Óscar,Ramos,1997-08-14,oscar.ramos@gmail.com,611456789
5,Patricia,Gil,2001-01-09,patricia.gil@gmail.com,611567890
6,Raúl,Iglesias,1999-12-25,raul.iglesias@gmail.com,611678901
7,Sara,Vidal,1998-07-07,sara.vidal@gmail.com,611789012
8,Teresa,Ortiz,2000-04-18,teresa.ortiz@gmail.com,611890123
9,Víctor,Méndez,1997-09-30,victor.mendez@gmail.com,611901234
10,Yolanda,Cruz,2001-11-11,yolanda.cruz@gmail.com,611012345